old_name,new_name,case_id,new_case_id
putusan_1051_k_pdt.sus-hki_2023_20260604093712.txt,case_01.txt,putusan_1051_k_pdt.sus-hki_2023_20260604093712,case_01
putusan_1060_k_pdt.sus-hki_2023_20260604102858.txt,case_02.txt,putusan_1060_k_pdt.sus-hki_2023_20260604102858,case_02
putusan_10_pk_pdt.sus-hki_2024_20260509122228.txt,case_03.txt,putusan_10_pk_pdt.sus-hki_2024_20260509122228,case_03
putusan_11_pk_pdt.sus-hki_2023_20260605192024.txt,case_04.txt,putusan_11_pk_pdt.sus-hki_2023_20260605192024,case_04
putusan_122_b_2025_pttun_jkt_20260509111605.txt,case_05.txt,putusan_122_b_2025_pttun_jkt_20260509111605,case_05
putusan_123_k_pdt.sus-hki_2023_20260605192325.txt,case_06.txt,putusan_123_k_pdt.sus-hki_2023_20260605192325,case_06
putusan_124_k_pdt.sus-hki_2023_20260605192313.txt,case_07.txt,putusan_124_k_pdt.sus-hki_2023_20260605192313,case_07
putusan_1286_k_pdt.sus-hki_2023_20260605190933.txt,case_08.txt,putusan_1286_k_pdt.sus-hki_2023_20260605190933,case_08
putusan_1291_k_pdt.sus-hki_2023_20260605130419.txt,case_09.txt,putusan_1291_k_pdt.sus-hki_2023_20260605130419,case_09
putusan_1297_k_pdt.sus-hki_2023_20260605190913.txt,case_10.txt,putusan_1297_k_pdt.sus-hki_2023_20260605190913,case_10
putusan_1334_k_pdt.sus-hki_2024_20260506131339.txt,case_11.txt,putusan_1334_k_pdt.sus-hki_2024_20260506131339,case_11
putusan_1379_k_pdt.sus-hki_2023_20260605130210.txt,case_12.txt,putusan_1379_k_pdt.sus-hki_2023_20260605130210,case_12
putusan_1390_k_pdt.sus-hki_2023_20260605190937.txt,case_13.txt,putusan_1390_k_pdt.sus-hki_2023_20260605190937,case_13
putusan_16_pk_pdt.sus-hki_2025_20260430090544.txt,case_14.txt,putusan_16_pk_pdt.sus-hki_2025_20260430090544,case_14
putusan_172_k_pdt.sus-hki_2024_20260503011819.txt,case_15.txt,putusan_172_k_pdt.sus-hki_2024_20260503011819,case_15
putusan_230_k_pdt.sus-hki_2023_20260605192201.txt,case_16.txt,putusan_230_k_pdt.sus-hki_2023_20260605192201,case_16
putusan_267_k_pdt.sus-hki_2023_20260605191335.txt,case_17.txt,putusan_267_k_pdt.sus-hki_2023_20260605191335,case_17
putusan_269_k_pdt.sus-hki_2023_20260605192002.txt,case_18.txt,putusan_269_k_pdt.sus-hki_2023_20260605192002,case_18
putusan_27_pk_pdt.sus-hki_2024_20260509111856.txt,case_19.txt,putusan_27_pk_pdt.sus-hki_2024_20260509111856,case_19
putusan_288_k_pdt.sus-hki_2023_20260605192300.txt,case_20.txt,putusan_288_k_pdt.sus-hki_2023_20260605192300,case_20
putusan_289_k_pdt.sus-hki_2023_20260605192213.txt,case_21.txt,putusan_289_k_pdt.sus-hki_2023_20260605192213,case_21
putusan_302_b_2024_pt.tun.jkt_20260509112354.txt,case_22.txt,putusan_302_b_2024_pt.tun.jkt_20260509112354,case_22
putusan_308_k_pdt.sus-hki_2023_20260605192124.txt,case_23.txt,putusan_308_k_pdt.sus-hki_2023_20260605192124,case_23
putusan_316_k_pdt.sus-hki_2023_20260605192148.txt,case_24.txt,putusan_316_k_pdt.sus-hki_2023_20260605192148,case_24
putusan_32_pk_pdt.sus-hki_2024_20260509111742.txt,case_25.txt,putusan_32_pk_pdt.sus-hki_2024_20260509111742,case_25
putusan_35_pk_pdt.sus-hki_2024_20260509111941.txt,case_26.txt,putusan_35_pk_pdt.sus-hki_2024_20260509111941,case_26
putusan_360_k_pdt.sus-hki_2024_20260509122251.txt,case_27.txt,putusan_360_k_pdt.sus-hki_2024_20260509122251,case_27
putusan_365_k_pdt.sus-hki_2023_20260605192112.txt,case_28.txt,putusan_365_k_pdt.sus-hki_2023_20260605192112,case_28
putusan_378_k_pdt.sus-hki_2023_20260605192048.txt,case_29.txt,putusan_378_k_pdt.sus-hki_2023_20260605192048,case_29
putusan_379_k_pdt.sus-hki_2023_20260605191235.txt,case_30.txt,putusan_379_k_pdt.sus-hki_2023_20260605191235,case_30
putusan_37_pk_pdt.sus-hki_2023_20260605191222.txt,case_31.txt,putusan_37_pk_pdt.sus-hki_2023_20260605191222,case_31
putusan_380_k_pdt.sus-hki_2023_20260605192136.txt,case_32.txt,putusan_380_k_pdt.sus-hki_2023_20260605192136,case_32
putusan_396_k_pdt.sus-hki_2024_20260506094206.txt,case_33.txt,putusan_396_k_pdt.sus-hki_2024_20260506094206,case_33
putusan_3_pk_pdt.sus-hki_2023_20260605192236.txt,case_34.txt,putusan_3_pk_pdt.sus-hki_2023_20260605192236,case_34
putusan_40_pk_pdt.sus-hki_2024_20260509112351.txt,case_35.txt,putusan_40_pk_pdt.sus-hki_2024_20260509112351,case_35
putusan_417_k_pdt.sus-hki_2023_20260605192249.txt,case_36.txt,putusan_417_k_pdt.sus-hki_2023_20260605192249,case_36
putusan_42_pk_pdt.sus-hki_2024_20260509112017.txt,case_37.txt,putusan_42_pk_pdt.sus-hki_2024_20260509112017,case_37
putusan_43_pk_pdt.sus-hki_2024_20260509112042.txt,case_38.txt,putusan_43_pk_pdt.sus-hki_2024_20260509112042,case_38
putusan_45_pk_pdt.sus-hki_2023_20260605190955.txt,case_39.txt,putusan_45_pk_pdt.sus-hki_2023_20260605190955,case_39
putusan_465_k_pdt.sus-hki_2023_20260605192003.txt,case_40.txt,putusan_465_k_pdt.sus-hki_2023_20260605192003,case_40
putusan_466_k_pdt.sus-hki_2024_20260509122242.txt,case_41.txt,putusan_466_k_pdt.sus-hki_2024_20260509122242,case_41
putusan_46_pk_pdt.sus-hki_2023_20260605191003.txt,case_42.txt,putusan_46_pk_pdt.sus-hki_2023_20260605191003,case_42
putusan_491_k_pdt.sus-hki_2023_20260605192017.txt,case_43.txt,putusan_491_k_pdt.sus-hki_2023_20260605192017,case_43
putusan_493_k_pdt.sus-hki_2023_20260605192037.txt,case_44.txt,putusan_493_k_pdt.sus-hki_2023_20260605192037,case_44
putusan_501_k_pdt.sus-hki_2023_20260605192100.txt,case_45.txt,putusan_501_k_pdt.sus-hki_2023_20260605192100,case_45
putusan_511_k_pdt.sus-hki_2024_20260505085144.txt,case_46.txt,putusan_511_k_pdt.sus-hki_2024_20260505085144,case_46
putusan_512_k_pdt.sus-hki_2023_20260605191522.txt,case_47.txt,putusan_512_k_pdt.sus-hki_2023_20260605191522,case_47
putusan_51_pk_pdt.sus-hki_2024_20260509112138.txt,case_48.txt,putusan_51_pk_pdt.sus-hki_2024_20260509112138,case_48
putusan_52_pk_pdt.sus-hki_2024_20260507180443.txt,case_49.txt,putusan_52_pk_pdt.sus-hki_2024_20260507180443,case_49
putusan_532_k_pdt.sus-hki_2024_20260507042517.txt,case_50.txt,putusan_532_k_pdt.sus-hki_2024_20260507042517,case_50
putusan_534_k_pdt.sus-hki_2023_20260605192009.txt,case_51.txt,putusan_534_k_pdt.sus-hki_2023_20260605192009,case_51
putusan_54_pk_pdt.sus-hki_2023_20260605191010.txt,case_52.txt,putusan_54_pk_pdt.sus-hki_2023_20260605191010,case_52
putusan_5_pk_pdt.sus-hki_2023_20260605192225.txt,case_53.txt,putusan_5_pk_pdt.sus-hki_2023_20260605192225,case_53
putusan_61_pk_pdt.sus-hki_2024_20260509111946.txt,case_54.txt,putusan_61_pk_pdt.sus-hki_2024_20260509111946,case_54
putusan_623_k_pdt.sus-hki_2024_20260507094541.txt,case_55.txt,putusan_623_k_pdt.sus-hki_2024_20260507094541,case_55
putusan_652_k_pdt.sus-hki_2023_20260605191310.txt,case_56.txt,putusan_652_k_pdt.sus-hki_2023_20260605191310,case_56
putusan_654_k_pdt.sus-hki_2024_20260507044233.txt,case_57.txt,putusan_654_k_pdt.sus-hki_2024_20260507044233,case_57
putusan_655_k_pdt.sus-hki_2023_20260605191323.txt,case_58.txt,putusan_655_k_pdt.sus-hki_2023_20260605191323,case_58
putusan_665_k_pdt.sus-hki_2023_20260605191510.txt,case_59.txt,putusan_665_k_pdt.sus-hki_2023_20260605191510,case_59
putusan_705_k_pdt.sus-hki_2023_20260605191459.txt,case_60.txt,putusan_705_k_pdt.sus-hki_2023_20260605191459,case_60
putusan_706_k_pdt.sus-hki_2023_20260605191248.txt,case_61.txt,putusan_706_k_pdt.sus-hki_2023_20260605191248,case_61
putusan_76_k_pdt.sus-hki_2024_20260430185726.txt,case_62.txt,putusan_76_k_pdt.sus-hki_2024_20260430185726,case_62
putusan_791_k_pdt.sus-hki_2024_20260508143712.txt,case_63.txt,putusan_791_k_pdt.sus-hki_2024_20260508143712,case_63
putusan_830_k_pdt.sus-hki_2024_20260507093906.txt,case_64.txt,putusan_830_k_pdt.sus-hki_2024_20260507093906,case_64
putusan_831_k_pdt.sus-hki_2024_20260506224537.txt,case_65.txt,putusan_831_k_pdt.sus-hki_2024_20260506224537,case_65
putusan_947_k_pdt.sus-hki_2024_20260429104716.txt,case_66.txt,putusan_947_k_pdt.sus-hki_2024_20260429104716,case_66
putusan_984_k_pdt.sus-hki_2024_20260509112330.txt,case_67.txt,putusan_984_k_pdt.sus-hki_2024_20260509112330,case_67
putusan_989_k_pdt.sus-hki_2024_20260509112127.txt,case_68.txt,putusan_989_k_pdt.sus-hki_2024_20260509112127,case_68
putusan_995_k_pdt.sus-hki_2024_20260507125222.txt,case_69.txt,putusan_995_k_pdt.sus-hki_2024_20260507125222,case_69
